Image_ID,Source_Path,Class_Label,Class_Index,Mean_R,Mean_G,Mean_B,Brightness,Hue_Deg,Saturation_Pct,Green_Coverage_Pct,Excess_Green_Index,Contrast,Edge_Density,Leaf_Area_Ratio,Homogeneity
20230619-1.jpg,healthy/20230619-1.jpg,Healthy,0,131.59,134.82,111.14,131.15,112.9,26.91,36.26,26.9,43.86,0.199,0.38,6.6
20230619-2.jpg,healthy/20230619-2.jpg,Healthy,0,141.23,143.64,130.92,141.47,124.63,16.02,17.09,15.13,43.78,0.23,0.192,14.01
20230619-4.jpg,healthy/20230619-4.jpg,Healthy,0,140.55,147.63,129.72,143.47,133.56,20.71,23.32,24.99,43.33,0.185,0.243,14.76
20230619-6.jpg,healthy/20230619-6.jpg,Healthy,0,131.7,136.85,111.17,132.38,88.26,26.26,36.46,30.84,37.33,0.177,0.369,12.71
20230619-9.jpg,healthy/20230619-9.jpg,Healthy,0,124.16,130.92,120.85,127.75,148.75,18.69,17.27,16.83,44.4,0.215,0.223,7.97
20230622104115.jpg,healthy/20230622104115.jpg,Healthy,0,152.45,154.73,134.99,151.79,140.73,20.66,26.82,22.02,41.64,0.199,0.279,24.44
20230622104140.jpg,healthy/20230622104140.jpg,Healthy,0,157.51,159.53,148.15,157.63,116.56,12.25,13.43,13.41,39.79,0.207,0.151,37.38
20230622104158.jpg,healthy/20230622104158.jpg,Healthy,0,152.26,159.34,138.44,154.84,131.62,20.6,23.6,27.97,45.44,0.188,0.244,31.92
20230622104231.jpg,healthy/20230622104231.jpg,Healthy,0,143.02,149.09,118.84,143.82,77.11,26.17,39.16,36.31,36.25,0.185,0.395,26.72
20230622104253.jpg,healthy/20230622104253.jpg,Healthy,0,140.61,145.99,135.97,143.24,144.9,15.41,13.17,15.39,46.58,0.224,0.157,27.91
20230622104549.jpg,healthy/20230622104549.jpg,Healthy,0,151.09,153.55,127.84,149.88,144.36,25.18,37.39,28.16,41.54,0.154,0.403,16.85
20230622104605.jpg,healthy/20230622104605.jpg,Healthy,0,157.07,159.57,143.84,157.03,128.48,15.98,18.49,18.24,40.64,0.162,0.205,26.25
20230622104622.jpg,healthy/20230622104622.jpg,Healthy,0,149.71,157.8,124.87,151.63,111.04,27.56,37.13,41.01,39.45,0.131,0.381,20.38
20230622104701.jpg,healthy/20230622104701.jpg,Healthy,0,134.21,140.78,120.55,136.51,131.45,23.07,28.46,26.78,45.67,0.141,0.309,21.76
20230622104711.jpg,healthy/20230622104711.jpg,Healthy,0,144,150.48,114.8,144.47,95.63,29.35,46.15,42.17,34.91,0.124,0.468,31.79
20230622104751.jpg,healthy/20230622104751.jpg,Healthy,0,137.58,143.41,126.56,139.74,135.45,21.29,23.7,22.68,47.86,0.245,0.261,21.76
20230622104831.jpg,healthy/20230622104831.jpg,Healthy,0,145.9,151.09,120.58,146.06,123.15,27.02,40.32,35.7,37.55,0.196,0.41,30.6
20230622104849.jpg,healthy/20230622104849.jpg,Healthy,0,147.28,149.74,122.57,145.91,144.11,27.7,38.63,29.64,43.46,0.221,0.408,17.48
20230622104856.jpg,healthy/20230622104856.jpg,Healthy,0,152.82,155.55,137.14,152.64,144.68,19.16,22.1,21.15,44.31,0.226,0.242,23.19
20230622104941.jpg,healthy/20230622104941.jpg,Healthy,0,152.1,159.56,131.51,154.14,125.06,25.53,33.05,35.51,42.56,0.21,0.339,20.25
20230622105013.jpg,healthy/20230622105013.jpg,Healthy,0,140.05,141.81,121.03,138.92,143.84,24.59,31.76,22.55,41.7,0.253,0.334,17.97
20230622105020.jpg,healthy/20230622105020.jpg,Healthy,0,144.34,146.77,132.03,144.36,143.38,17.43,19.02,17.16,41.59,0.27,0.211,25.73
20230622105038.jpg,healthy/20230622105038.jpg,Healthy,0,140.14,148.29,121.46,142.79,119.42,26.6,33.75,34.96,41.55,0.241,0.347,20.91
20230622105056.jpg,healthy/20230622105056.jpg,Healthy,0,129.4,135.64,103.23,130.08,102.36,31.56,47.17,38.65,36.93,0.205,0.48,20.77
20230622105120.jpg,healthy/20230622105120.jpg,Healthy,0,125.13,131.37,116.05,127.76,133.95,21.79,24.17,21.57,45.05,0.265,0.263,20.37
20230622105259.jpg,healthy/20230622105259.jpg,Healthy,0,137.86,141.56,113.87,137.3,118.18,27.7,42.27,31.39,39.26,0.225,0.439,7
20230622105314.jpg,healthy/20230622105314.jpg,Healthy,0,144.3,148.3,128.07,144.8,103.7,19.64,28.4,24.22,38.91,0.213,0.302,23.6
20230622105333.jpg,healthy/20230622105333.jpg,Healthy,0,144.12,153.23,120.49,146.78,107.97,27.9,38.91,41.85,37.7,0.245,0.397,18.4
20230622105352.jpg,healthy/20230622105352.jpg,Healthy,0,134.17,140.89,104.89,134.78,66.93,30.7,48.94,42.72,32.18,0.198,0.493,20.54
20230622105419.jpg,healthy/20230622105419.jpg,Healthy,0,129.46,136.8,118.4,132.51,127.09,21.98,24.08,25.76,43.58,0.239,0.262,19.9
20230622105451.jpg,healthy/20230622105451.jpg,Healthy,0,138.59,142.81,115.94,138.48,138.79,27.25,40.32,31.09,39.63,0.231,0.417,11.11
20230622105527.jpg,healthy/20230622105527.jpg,Healthy,0,145.82,149.57,131.69,146.41,116.43,17.91,22.57,21.61,38.95,0.229,0.244,20.37
20230622105550.jpg,healthy/20230622105550.jpg,Healthy,0,147.67,156.35,125.74,150.27,109.05,25.95,36.2,39.29,38.57,0.252,0.369,23.55
20230622105607.jpg,healthy/20230622105607.jpg,Healthy,0,132.95,140.27,103.89,133.93,69.2,31.33,49.38,43.7,33.21,0.201,0.498,20.97
20230622105629.jpg,healthy/20230622105629.jpg,Healthy,0,135.13,141.95,125.53,138.04,124.64,19.41,21.44,23.24,43.2,0.264,0.231,21.15
20230622105647.jpg,healthy/20230622105647.jpg,Healthy,0,135.06,139.15,110.64,134.68,140.81,29.49,43.64,32.61,39.97,0.246,0.457,12.26
20230622105657.jpg,healthy/20230622105657.jpg,Healthy,0,141.94,145.12,126.59,142.06,139.29,19.65,26.92,21.71,38.05,0.246,0.29,19.31
20230622105718.jpg,healthy/20230622105718.jpg,Healthy,0,134.57,144.97,108.41,137.69,103.97,32.1,46.76,46.95,38.33,0.265,0.478,17.03
20230622105739.jpg,healthy/20230622105739.jpg,Healthy,0,130.02,137.32,101.76,131.08,71.06,30.89,50.43,42.86,31.53,0.205,0.508,25.83
20230622105805.jpg,healthy/20230622105805.jpg,Healthy,0,124.95,132.54,115.36,128.31,125.68,21.36,22.32,24.77,40.62,0.254,0.244,23.38
20230622110005.jpg,healthy/20230622110005.jpg,Healthy,0,137.69,141.29,115.12,137.23,136.36,27.39,40.15,29.77,41.04,0.21,0.421,16.49
20230622110021.jpg,healthy/20230622110021.jpg,Healthy,0,142.03,146.23,125.99,142.67,106.59,20.7,30.53,24.44,39.56,0.198,0.321,18.64
20230622110037.jpg,healthy/20230622110037.jpg,Healthy,0,138.09,148.08,114.74,141.29,102.08,30.19,43.24,43.33,40.84,0.204,0.443,15.83
20230622110059.jpg,healthy/20230622110059.jpg,Healthy,0,123.71,132.82,91.57,125.4,69.88,37.81,56.33,50.36,35.46,0.175,0.569,20.16
20230622110125.jpg,healthy/20230622110125.jpg,Healthy,0,128.9,136.52,119.64,132.32,121.19,20.54,22.14,24.51,42.57,0.217,0.241,20.42
20230622110153.jpg,healthy/20230622110153.jpg,Healthy,0,146.77,150.11,123.75,146.11,148.2,26.47,40.41,29.7,42.26,0.19,0.415,18
20230622110201.jpg,healthy/20230622110201.jpg,Healthy,0,150.74,154.54,133.37,150.99,127.82,20.69,30.07,24.96,41.51,0.184,0.318,20.87
20230622110218.jpg,healthy/20230622110218.jpg,Healthy,0,149.84,158.95,126.06,152.48,112.3,28.03,40.56,42,41.49,0.203,0.414,19.5
20230622110236.jpg,healthy/20230622110236.jpg,Healthy,0,142.24,148.71,115.17,142.95,89.6,28.58,46.8,40.01,35.45,0.167,0.471,25.33
20230622110304.jpg,healthy/20230622110304.jpg,Healthy,0,135.92,143.25,123.52,138.81,113.09,22.18,26.6,27.05,46.92,0.187,0.293,25
20230622111155.jpg,healthy/20230622111155.jpg,Healthy,0,135.98,141.32,107.58,135.88,128.31,32.09,50.22,39.07,38.38,0.194,0.507,11.69
20230622111217.jpg,healthy/20230622111217.jpg,Healthy,0,139.08,145.25,116.84,140.17,102.09,26.52,40.26,34.59,40.04,0.192,0.417,15.97
20230623153451.jpg,healthy/20230623153451.jpg,Healthy,0,136.11,140.68,109.67,135.78,133.28,31.5,46.33,35.59,40.26,0.143,0.471,19.64
20230623153505.jpg,healthy/20230623153505.jpg,Healthy,0,142.35,147.08,124.31,143.07,117.36,22.85,33.38,27.51,39.58,0.149,0.351,22.32
20230623153522.jpg,healthy/20230623153522.jpg,Healthy,0,136.06,147.14,109.99,139.59,106.69,33.08,48.18,48.22,40.18,0.171,0.491,16.38
20230623153542.jpg,healthy/20230623153542.jpg,Healthy,0,125.11,134.07,92.45,126.65,68.86,36.81,63.98,50.59,32.58,0.111,0.643,19.27
20230623153607.jpg,healthy/20230623153607.jpg,Healthy,0,118.65,128.36,104.13,122.7,113.35,28.81,29.96,33.94,45.83,0.144,0.331,20.61
20230623153626.jpg,healthy/20230623153626.jpg,Healthy,0,139.51,143.72,112.15,138.86,126.11,31.05,47.09,35.78,39.67,0.13,0.485,18.08
20230623153637.jpg,healthy/20230623153637.jpg,Healthy,0,144,148.92,124.95,144.71,132.86,24.13,34.71,28.88,41.55,0.144,0.364,21.15
20230623153707.jpg,healthy/20230623153707.jpg,Healthy,0,139.62,150.45,112.48,142.88,99,32.84,47.94,48.8,40.97,0.16,0.488,18.42
20230623153736.jpg,healthy/20230623153736.jpg,Healthy,0,129.47,138.03,96.66,130.75,66.34,35.69,63.51,49.93,33.07,0.114,0.639,19.86
20230623153759.jpg,healthy/20230623153759.jpg,Healthy,0,125.05,133.56,110.91,128.43,112.24,25.52,27.71,31.16,46.06,0.146,0.298,21.66
20230623153819.jpg,healthy/20230623153819.jpg,Healthy,0,138.72,143.78,110.98,138.53,130.98,31.92,47.79,37.87,40.26,0.163,0.496,13.89
20230623153832.jpg,healthy/20230623153832.jpg,Healthy,0,147.04,151.86,128.9,147.8,136.26,23.62,33.26,27.78,42.04,0.178,0.352,20.97
20230623153851.jpg,healthy/20230623153851.jpg,Healthy,0,142.4,153.68,117.11,146.14,114.55,31.88,46.19,47.84,42.14,0.218,0.479,19.4
20230623153915.jpg,healthy/20230623153915.jpg,Healthy,0,127.91,137.78,93.89,129.82,66.5,37.79,64.84,53.77,33.83,0.141,0.652,16.13
20230623153942.jpg,healthy/20230623153942.jpg,Healthy,0,131.13,139.6,119.12,134.73,111.39,22.73,23.72,28.97,45.14,0.195,0.263,24.78
20230623154333.jpg,healthy/20230623154333.jpg,Healthy,0,142.04,148.01,111.32,142.04,124.56,33.16,50.78,42.66,39.5,0.181,0.518,14.96
20230623154348.jpg,healthy/20230623154348.jpg,Healthy,0,147.65,154.34,123.93,148.87,126.66,27.05,39.75,37.1,37.92,0.17,0.411,21.5
20230623154408.jpg,healthy/20230623154408.jpg,Healthy,0,147.99,158.77,121.81,151.34,121.64,30.61,44.25,47.74,39.52,0.207,0.45,20.46
20230623154427.jpg,healthy/20230623154427.jpg,Healthy,0,134.54,144.05,100.18,136.2,67.03,35.6,60.09,53.37,32.31,0.161,0.604,21.35
20230623154453.jpg,healthy/20230623154453.jpg,Healthy,0,130.53,140.15,113.94,134.29,117.31,27.54,28.89,35.84,45.34,0.182,0.315,20.8
20230623154517.jpg,healthy/20230623154517.jpg,Healthy,0,143.18,148.31,113.89,142.85,126.88,32.08,49.43,39.54,39.61,0.206,0.507,12.04
20230623154529.jpg,healthy/20230623154529.jpg,Healthy,0,146.24,152.27,121.53,146.96,136.15,28.03,41.21,36.77,38.13,0.187,0.426,21.54
20230623154544.jpg,healthy/20230623154544.jpg,Healthy,0,140.94,152.54,107.44,143.93,102.68,36.65,55.35,56.69,39.73,0.255,0.561,10.99
20230623154604.jpg,healthy/20230623154604.jpg,Healthy,0,134.03,142.84,99.46,135.26,80.91,35.45,62.72,52.2,31.55,0.181,0.631,16.25
20230623154634.jpg,healthy/20230623154634.jpg,Healthy,0,130.92,139.92,114.73,134.36,113.91,26.39,28.24,34.18,43.9,0.214,0.3,22.81
20230623154704.jpg,healthy/20230623154704.jpg,Healthy,0,143.31,149.5,111.37,143.3,122.87,33.46,51.4,44.32,38.88,0.204,0.522,13.69
20230623154715.jpg,healthy/20230623154715.jpg,Healthy,0,148.6,155.57,123.86,149.87,121.74,27.43,40.93,38.69,37.77,0.189,0.422,23
20230623154732.jpg,healthy/20230623154732.jpg,Healthy,0,149.19,160.17,120.46,152.36,111.69,31.57,47.07,50.69,39.52,0.255,0.477,16.15
20230623154750.jpg,healthy/20230623154750.jpg,Healthy,0,136.19,145.65,99.99,137.62,67.33,36.13,62.89,55.11,31.61,0.18,0.632,17.13
20230623154814.jpg,healthy/20230623154814.jpg,Healthy,0,135.93,144.78,120.58,139.37,116.42,24.73,26.06,33.05,44.31,0.207,0.279,24.03
20230623155328.jpg,healthy/20230623155328.jpg,Healthy,0,140.39,147.21,107.11,140.6,116.92,35.47,53.48,46.93,39.77,0.177,0.544,14.87
20230623155354.jpg,healthy/20230623155354.jpg,Healthy,0,134.37,144.29,100.07,136.28,108.56,38.61,57.1,54.13,40.5,0.157,0.585,14.27
20230623155405.jpg,healthy/20230623155405.jpg,Healthy,0,151.87,158.14,137.92,153.96,133.39,21.15,27.01,26.48,43.72,0.172,0.29,25.91
20230623155414.jpg,healthy/20230623155414.jpg,Healthy,0,143.86,155.78,112.89,147.33,108.13,34.77,51.09,54.8,40.17,0.202,0.516,16.02
20230623155434.jpg,healthy/20230623155434.jpg,Healthy,0,128.74,139.82,88.18,130.62,70.41,42.07,72.09,62.71,31.55,0.155,0.726,12.61
20230623155459.jpg,healthy/20230623155459.jpg,Healthy,0,133.19,142.25,117.38,136.71,110.96,25.68,29.23,33.94,44.16,0.181,0.317,21.01
20230623155517.jpg,healthy/20230623155517.jpg,Healthy,0,133.59,139.71,100.84,133.45,119.86,36.82,55.57,44.99,38.8,0.201,0.57,11.92
20230623155537.jpg,healthy/20230623155537.jpg,Healthy,0,136.12,143.49,108.7,137.32,128.75,32.75,47.19,42.15,39.29,0.182,0.485,17.63
20230623155545.jpg,healthy/20230623155545.jpg,Healthy,0,142.4,148.98,127.19,144.53,131.8,23.46,29.75,28.36,43.8,0.215,0.315,21.56
20230623155553.jpg,healthy/20230623155553.jpg,Healthy,0,140.15,151.13,113.2,143.52,119.01,32.53,48.59,48.9,38.62,0.233,0.491,17.6
20230623155610.jpg,healthy/20230623155610.jpg,Healthy,0,121.32,132.58,81.43,123.39,71.43,43.59,74.94,62.42,30.2,0.18,0.754,8.65
20230623155633.jpg,healthy/20230623155633.jpg,Healthy,0,124.56,134.05,109.06,128.36,112.87,27.51,30.42,34.48,43.13,0.192,0.324,25.78
20230623155654.jpg,healthy/20230623155654.jpg,Healthy,0,141.2,147.17,107.75,140.89,117.92,35.17,55.18,45.38,39.28,0.208,0.566,10.07
20230623155716.jpg,healthy/20230623155716.jpg,Healthy,0,142.13,149.76,113.06,143.3,126.67,33.02,46.88,44.34,41.1,0.192,0.481,17.13
20230623155724.jpg,healthy/20230623155724.jpg,Healthy,0,149.8,156.34,133.92,151.83,134.4,23.08,30.3,28.96,45.08,0.206,0.321,19.48
20230623155731.jpg,healthy/20230623155731.jpg,Healthy,0,145.63,156.94,114.62,148.73,109.94,34.31,50.69,53.63,40.58,0.242,0.512,15.21
20230623155756.jpg,healthy/20230623155756.jpg,Healthy,0,126.26,138.33,82.4,128.34,69.49,45.5,78.5,68,31.52,0.181,0.79,7.63
20230623155820.jpg,healthy/20230623155820.jpg,Healthy,0,131.5,140.66,114.34,134.92,113.69,28.05,30.48,35.48,46.33,0.198,0.335,27.54
20230623160946.jpg,healthy/20230623160946.jpg,Healthy,0,137.99,142.36,110.47,137.42,126.06,30.61,48.8,36.25,38,0.201,0.5,15.28
20230623161002.jpg,healthy/20230623161002.jpg,Healthy,0,136.69,143.12,112.88,137.75,103.4,28.22,43.74,36.67,39.91,0.201,0.454,13.1
20230623161018.jpg,healthy/20230623161018.jpg,Healthy,0,137.4,148.97,109.35,141,109.12,34.16,50.55,51.2,39.88,0.238,0.516,15.02
20230623161032.jpg,healthy/20230623161032.jpg,Healthy,0,126.93,136.12,91.82,128.32,70.22,37.6,63.86,53.49,31.62,0.191,0.643,14.48
20230623161059.jpg,healthy/20230623161059.jpg,Healthy,0,125.51,134.51,112.85,129.35,120.34,25.14,24.38,30.65,44.13,0.222,0.269,20.67
20230623161117.jpg,healthy/20230623161117.jpg,Healthy,0,146.35,149.3,118.93,144.96,126.15,28.81,45.78,33.32,39,0.197,0.484,13.89
20230623161124.jpg,healthy/20230623161124.jpg,Healthy,0,146.91,151.82,124.23,147.21,109.48,25.21,40.14,32.51,40.71,0.193,0.417,16.96
20230623161138.jpg,healthy/20230623161138.jpg,Healthy,0,146.81,156.49,119.43,149.37,105.1,30.81,46.37,46.74,41.41,0.258,0.471,17.03
20230623161154.jpg,healthy/20230623161154.jpg,Healthy,0,135.11,143.1,98.3,135.6,62.87,36.86,63.31,52.78,33.93,0.184,0.637,17.77
20230623161223.jpg,healthy/20230623161223.jpg,Healthy,0,137.11,144.72,122.87,139.96,111.34,23.06,24.22,29.45,46.4,0.232,0.258,20.1
20230623161238.jpg,healthy/20230623161238.jpg,Healthy,0,143.02,147.37,116.74,142.58,126.23,29.14,45.08,34.98,38.84,0.209,0.464,12.27
20230623161244.jpg,healthy/20230623161244.jpg,Healthy,0,145.18,150.56,123.83,145.91,130.59,25.13,37.36,32.1,40.11,0.202,0.391,20.38
20230623161256.jpg,healthy/20230623161256.jpg,Healthy,0,145.26,156.04,118.98,148.59,108,30.76,45.21,47.85,40.7,0.267,0.458,22.18
20230623161317.jpg,healthy/20230623161317.jpg,Healthy,0,128.27,138.39,89.68,129.81,68.3,40.5,66.28,58.84,33.01,0.18,0.667,15.31
20230623161337.jpg,healthy/20230623161337.jpg,Healthy,0,130.27,139.18,116.71,133.96,118.65,25,25.23,31.37,45.95,0.246,0.283,20.7
20230702143851.jpg,healthy/20230702143851.jpg,Healthy,0,141.66,148.04,107.89,141.56,121.69,36.12,59.5,46.53,40.16,0.224,0.615,6.36
20230702143915.jpg,healthy/20230702143915.jpg,Healthy,0,137.74,146.95,104.65,139.37,116.47,37.97,53.25,51.5,43.39,0.268,0.56,11.96
20230702143923.jpg,healthy/20230702143923.jpg,Healthy,0,145.98,154.05,126.82,148.53,139.83,27.62,35.07,35.31,46.93,0.262,0.371,15.38
20230702143933.jpg,healthy/20230702143933.jpg,Healthy,0,142.39,154.88,106.75,145.66,102.41,38.41,56.54,60.61,39.72,0.266,0.57,11.42
20230702144000.jpg,healthy/20230702144000.jpg,Healthy,0,127.91,139.47,83.91,129.68,68.56,45.31,77.37,67.12,33.18,0.187,0.782,11.81
20230702144046.jpg,healthy/20230702144046.jpg,Healthy,0,128.22,138.55,106.5,131.8,100.32,31.48,37.93,42.37,43.93,0.222,0.39,14.52
20230702144104.jpg,healthy/20230702144104.jpg,Healthy,0,150.01,156.08,116.43,149.74,125.41,34.02,53.66,45.71,39.8,0.214,0.55,11.69
20230702144122.jpg,healthy/20230702144122.jpg,Healthy,0,141.65,151.21,104.39,143.02,124.39,39.1,55.16,56.39,41.29,0.228,0.57,9.59
20230702144130.jpg,healthy/20230702144130.jpg,Healthy,0,144.08,153.28,118.99,146.62,122.65,31.29,40.93,43.48,46.67,0.265,0.425,16.11
20230702144138.jpg,healthy/20230702144138.jpg,Healthy,0,148.48,161.5,111.69,151.93,99.24,36.96,55.29,62.82,38.1,0.287,0.557,18.55
20230702144453.jpg,healthy/20230702144453.jpg,Healthy,0,133.57,145.83,86.86,135.44,69.75,44.84,78.94,71.24,31.11,0.159,0.795,8.82
20230702144533.jpg,healthy/20230702144533.jpg,Healthy,0,134.8,145.19,113.8,138.5,105.32,29.16,35.29,41.79,41.94,0.203,0.367,21.27
20230702144602.jpg,healthy/20230702144602.jpg,Healthy,0,132.76,139.84,95.34,132.65,106.15,39.62,65.7,51.58,36.97,0.213,0.683,10.45
20230702144612.jpg,healthy/20230702144612.jpg,Healthy,0,130.01,139.85,94.3,131.72,106.95,40.49,57.96,55.4,39.49,0.218,0.597,12.08
20230702144619.jpg,healthy/20230702144619.jpg,Healthy,0,138.55,146.23,117.03,140.61,120.83,28.68,37.68,36.89,44.17,0.242,0.391,15.3
20230702144627.jpg,healthy/20230702144627.jpg,Healthy,0,132.11,146.36,93.43,136.07,92.39,42.92,63.18,67.17,38.17,0.273,0.637,11.69
20230702144650.jpg,healthy/20230702144650.jpg,Healthy,0,125.3,136.01,84.24,126.91,69.79,42.94,79.65,62.48,30.39,0.157,0.805,13.44
20230702144719.jpg,healthy/20230702144719.jpg,Healthy,0,126.8,136.47,108.97,130.44,106.86,27.53,32.96,37.17,40.32,0.243,0.342,17.63
20230702145214.jpg,healthy/20230702145214.jpg,Healthy,0,133.93,141.35,98.49,134.25,114.93,38.68,61.84,50.29,39.24,0.211,0.644,6.7
20230702145231.jpg,healthy/20230702145231.jpg,Healthy,0,133.25,142.67,100.94,135.1,113.86,37.47,54.93,51.15,41.26,0.224,0.565,9.15
20230702145240.jpg,healthy/20230702145240.jpg,Healthy,0,138.17,147.01,116.92,140.94,125.66,29.72,41.9,38.93,45.35,0.237,0.431,15.31
20230702145248.jpg,healthy/20230702145248.jpg,Healthy,0,141.41,153.61,110.31,145.03,103.56,34.97,54.41,55.51,39.31,0.274,0.548,12.71
20230702145325.jpg,healthy/20230702145325.jpg,Healthy,0,123.11,135.22,79.39,125.23,71.38,46.06,83.14,67.94,30.52,0.157,0.837,10.6
20230702145356.jpg,healthy/20230702145356.jpg,Healthy,0,123.69,135.07,102.4,127.94,104.14,32.36,43.1,44.04,42.14,0.227,0.449,13.79
20230702145412.jpg,healthy/20230702145412.jpg,Healthy,0,133.19,140.76,94.84,133.26,107.33,40.63,64.06,53.48,38.21,0.216,0.651,9.27
20230702145422.jpg,healthy/20230702145422.jpg,Healthy,0,131.73,141.45,96.16,133.38,116.94,40.22,58.4,55.01,40.37,0.217,0.6,12.82
20230702145430.jpg,healthy/20230702145430.jpg,Healthy,0,138.06,146.63,115.72,140.55,116.86,29.99,41.86,39.49,45.66,0.243,0.433,15
20230702145438.jpg,healthy/20230702145438.jpg,Healthy,0,139.31,151.5,106.27,142.7,91.9,36.44,57.76,57.41,38.87,0.276,0.583,14.21
20230702145458.jpg,healthy/20230702145458.jpg,Healthy,0,125.02,136.66,81.97,126.94,71.29,44.72,82.83,66.33,30.56,0.165,0.834,10.38
20230702145530.jpg,healthy/20230702145530.jpg,Healthy,0,126.06,136.61,106.58,130.03,106.93,30.24,39.8,40.59,41.4,0.229,0.417,18.55
20230702145554.jpg,healthy/20230702145554.jpg,Healthy,0,141.33,148.49,104.6,141.35,113.3,37.33,59.75,51.06,38.95,0.176,0.607,15.31
20230702145606.jpg,healthy/20230702145606.jpg,Healthy,0,137.6,147.55,101.69,139.35,111.9,38.65,57.37,55.81,40.16,0.149,0.589,12.8
20230702145613.jpg,healthy/20230702145613.jpg,Healthy,0,144.68,153.02,122.76,147.08,124.43,28.57,39.39,38.59,45.76,0.191,0.411,20.37
20230702145622.jpg,healthy/20230702145622.jpg,Healthy,0,144.34,156.77,109.63,147.68,100.54,36.78,57.15,59.56,38.85,0.216,0.58,15
20230702145647.jpg,healthy/20230702145647.jpg,Healthy,0,131.39,142.86,87.46,133.11,70.41,43.28,79.38,66.87,30.71,0.131,0.801,15.3
20230702145717.jpg,healthy/20230702145717.jpg,Healthy,0,132.77,143,113.13,136.53,108.34,28.87,37.14,40.1,42.13,0.162,0.391,23.29
20230702145832.jpg,healthy/20230702145832.jpg,Healthy,0,135.95,142.71,98.97,135.7,107.87,38.38,63.18,50.51,37.96,0.248,0.671,4.8
20230702145913.jpg,healthy/20230702145913.jpg,Healthy,0,132.47,141.97,96.54,133.95,98.98,39.35,59.08,54.93,40.93,0.269,0.607,5.82
20230702145923.jpg,healthy/20230702145923.jpg,Healthy,0,138.38,147.4,115.7,141.09,117.47,30.75,41.22,40.72,44.94,0.256,0.423,16.49
20230702145931.jpg,healthy/20230702145931.jpg,Healthy,0,140.16,152.38,106.29,143.47,100.41,36.55,59.66,58.31,37.67,0.301,0.599,12.2
20230702145954.jpg,healthy/20230702145954.jpg,Healthy,0,125.8,136.95,81.14,127.26,69.3,45.09,85.63,66.96,29.36,0.179,0.863,9.17
20230702150032.jpg,healthy/20230702150032.jpg,Healthy,0,124.79,135.93,102.77,128.82,98.78,31.44,49.75,44.31,39.18,0.257,0.507,13.21
20230702150357.jpg,healthy/20230702150357.jpg,Healthy,0,130.63,141.06,94,132.58,93.07,40.31,61.19,57.49,39.76,0.145,0.63,8.84
20230702150415.jpg,healthy/20230702150415.jpg,Healthy,0,144.01,155.64,113.4,147.35,101.84,33.42,54.69,53.88,37.68,0.163,0.552,14.38
20230702150444.jpg,healthy/20230702150444.jpg,Healthy,0,125.28,136.81,79.83,126.87,69.42,46.31,85.02,68.51,29.76,0.097,0.857,10.94
20230702150522.jpg,healthy/20230702150522.jpg,Healthy,0,125.4,136.83,102.93,129.54,100.74,31.78,50.84,45.33,37.93,0.133,0.523,12.5
20230702150555.jpg,healthy/20230702150555.jpg,Healthy,0,137.93,148.17,99.22,139.53,102.62,39.51,60.13,59.2,39.47,0.153,0.615,8.91
20230702150609.jpg,healthy/20230702150609.jpg,Healthy,0,150.8,162.25,115.52,153.5,101.16,34.27,56.19,58.17,35.39,0.168,0.564,17.04
20230702150633.jpg,healthy/20230702150633.jpg,Healthy,0,134.66,146.12,86.97,135.95,68.98,44.45,84.41,70.6,28.49,0.094,0.849,17.4
20230702150713.jpg,healthy/20230702150713.jpg,Healthy,0,132.32,144.21,105.36,136.22,96.97,33.47,54.4,50.74,38.24,0.127,0.555,13.75
20230702150809.jpg,healthy/20230702150809.jpg,Healthy,0,141.37,151.54,105.41,143.24,107.56,36.98,58.15,56.3,39.92,0.161,0.595,11.81
20230702150823.jpg,healthy/20230702150823.jpg,Healthy,0,147.43,159.45,112.44,150.5,94.21,35.13,56.85,59.02,35.45,0.181,0.573,16.94
20230702150846.jpg,healthy/20230702150846.jpg,Healthy,0,137.85,148.71,94.56,139.29,69.2,40.34,79.63,65.01,29.11,0.099,0.801,18.45
20230702150909.jpg,healthy/20230702150909.jpg,Healthy,0,132.66,144.02,108.17,136.54,97.62,31.38,49.7,47.22,37.7,0.133,0.506,19.05
20230702151241.jpg,healthy/20230702151241.jpg,Healthy,0,131.66,142.99,92.04,133.79,94.22,42.56,64.17,62.28,39.39,0.245,0.656,6.37
20230702151300.jpg,healthy/20230702151300.jpg,Healthy,0,139.24,152.82,102.46,143.02,96.28,39.09,62.2,63.94,37.17,0.298,0.625,10.94
20230702151340.jpg,healthy/20230702151340.jpg,Healthy,0,117.5,132.43,78.19,121.78,78.92,49.09,74.73,69.17,39.56,0.209,0.751,11.9
20230702151359.jpg,healthy/20230702151359.jpg,Healthy,0,124.05,136.77,99.02,128.67,95.8,34.34,56.05,50.47,36.44,0.239,0.567,10.48
20230702151507.jpg,healthy/20230702151507.jpg,Healthy,0,137.62,147.63,100.29,139.24,96.83,38.99,60.65,57.34,39.43,0.241,0.62,10.24
20230702151521.jpg,healthy/20230702151521.jpg,Healthy,0,142.39,155.17,104.84,145.61,94.41,38.18,62.63,63.1,36.57,0.304,0.63,11.39
20230702151556.jpg,healthy/20230702151556.jpg,Healthy,0,119.87,134.43,78.77,123.74,77.76,49.39,75.48,70.23,39.68,0.217,0.759,13.19
20230702151623.jpg,healthy/20230702151623.jpg,Healthy,0,127.87,140.02,102.82,132.15,93.5,32.94,54.75,49.34,36.04,0.239,0.556,12.1
20230702151721.jpg,healthy/20230702151721.jpg,Healthy,0,142.42,153.3,102.42,144.24,96.7,39.49,62.13,61.76,39.31,0.242,0.636,8.59
20230702151737.jpg,healthy/20230702151737.jpg,Healthy,0,149.62,162.48,110.93,152.75,94.05,37.19,59.89,64.4,37.32,0.304,0.602,11.15
20230702151824.jpg,healthy/20230702151824.jpg,Healthy,0,128.54,142.96,87.6,132.34,80.51,46.41,71.82,69.78,40.41,0.216,0.722,10
20230702151842.jpg,healthy/20230702151842.jpg,Healthy,0,133.73,146.21,105.51,137.84,93.16,34.13,54.8,53.18,37.06,0.216,0.558,14.52
20230702152131.jpg,healthy/20230702152131.jpg,Healthy,0,144.32,155.7,105.26,146.55,90.52,38.84,63.18,61.82,40.2,0.221,0.646,10.07
20230702152147.jpg,healthy/20230702152147.jpg,Healthy,0,150.92,164.09,113.31,154.36,101.37,36.69,59.88,63.95,37.92,0.266,0.601,10.08
20230702152236.jpg,healthy/20230702152236.jpg,Healthy,0,122.18,139.42,76.14,127.05,78.49,52.87,78.54,80.52,39.86,0.211,0.79,9.88
20230702152322.jpg,healthy/20230702152322.jpg,Healthy,0,136.19,148.83,109.01,140.51,94.73,32.86,58.19,52.46,36.67,0.197,0.588,8.75
20230702152356.jpg,healthy/20230702152356.jpg,Healthy,0,138.92,149.93,101.05,141.06,96.16,39.47,63.25,59.89,39.9,0.244,0.645,11.72
20230702152422.jpg,healthy/20230702152422.jpg,Healthy,0,143.94,157.5,106.43,147.62,90.48,38.51,61.6,64.63,38.43,0.317,0.619,11.19
20230702152457.jpg,healthy/20230702152457.jpg,Healthy,0,117.52,133.97,73.99,122.21,77.25,52.68,80.08,76.43,39.68,0.227,0.805,11.18
20230702152523.jpg,healthy/20230702152523.jpg,Healthy,0,130.71,143.1,104.15,134.95,91.85,33.85,56.18,51.34,37.23,0.234,0.568,16.59
20230702152602.jpg,healthy/20230702152602.jpg,Healthy,0,136.11,147.96,96.19,138.51,99.04,42.06,64.91,63.61,40,0.201,0.66,9.86
20230702152632.jpg,healthy/20230702152632.jpg,Healthy,0,143.53,156.46,106.36,146.88,92.26,38.14,60.94,63.03,37.26,0.235,0.612,10.02
20230702152729.jpg,healthy/20230702152729.jpg,Healthy,0,113.45,130.79,67.63,118.41,78.17,55.74,84.48,80.5,38.1,0.209,0.849,6.63
20230702152750.jpg,healthy/20230702152750.jpg,Healthy,0,128.34,140.87,101.34,132.62,91.56,34.35,62.36,52.06,35.47,0.212,0.631,13
20230702153118.jpg,healthy/20230702153118.jpg,Healthy,0,139.86,151.74,100.69,142.37,98.97,40.72,65.16,62.93,40.29,0.235,0.664,7.13
20230702153134.jpg,healthy/20230702153134.jpg,Healthy,0,140.42,154.94,101.77,144.54,95.12,40.23,64.11,67.7,38.47,0.305,0.646,10.38
20230702153230.jpg,healthy/20230702153230.jpg,Healthy,0,127.36,140.47,99.59,131.89,93.11,35.45,58.33,54,36.05,0.233,0.592,10.94
20230702153315.jpg,healthy/20230702153315.jpg,Healthy,0,132.32,144.27,92.19,134.76,88.56,42.99,68.44,64.03,38.84,0.238,0.695,6.58
20230702153355.jpg,healthy/20230702153355.jpg,Healthy,0,136.02,150.09,97.5,139.89,92.93,41.3,65.18,66.65,37.89,0.326,0.655,10.18
20230702153456.jpg,healthy/20230702153456.jpg,Healthy,0,123.74,136.59,96.28,128.15,87.48,35.4,65.16,53.17,34.26,0.24,0.655,9.15
20230702153519.jpg,healthy/20230702153519.jpg,Healthy,0,142.48,154.92,100.28,144.97,99.97,41.48,66.02,67.08,38.8,0.235,0.671,9.49
20230702153533.jpg,healthy/20230702153533.jpg,Healthy,0,144.66,159.81,101.66,148.65,80.24,41.9,65.4,73.3,37.45,0.309,0.658,14.45
20230702153615.jpg,healthy/20230702153615.jpg,Healthy,0,134.88,147.97,105.61,139.22,89.65,33.74,62.61,55.45,33.96,0.231,0.633,11.75
20230702153908.jpg,healthy/20230702153908.jpg,Healthy,0,128.27,141.57,87.07,131.38,85,44.17,73.56,67.81,37.43,0.227,0.743,3.57
20230702153937.jpg,healthy/20230702153937.jpg,Healthy,0,136.52,150.64,98.55,140.48,85.72,40.84,65.54,66.2,37.81,0.285,0.661,13.28
20230702154029.jpg,healthy/20230702154029.jpg,Healthy,0,124.03,137.82,95.19,128.84,88.3,36.2,68.59,56.41,34.62,0.211,0.69,11.83
20230702154058.jpg,healthy/20230702154058.jpg,Healthy,0,138.59,151.32,99.22,141.58,93.31,40.22,68.86,64.83,37.9,0.233,0.695,12.28
20230702154202.jpg,healthy/20230702154202.jpg,Healthy,0,143.24,157.91,102.3,147.19,84.84,40.56,66.22,70.28,36.2,0.314,0.665,14.69
20230702154303.jpg,healthy/20230702154303.jpg,Healthy,0,131.92,146.4,97.86,136.54,83.2,37.56,74.9,63.03,33.53,0.226,0.753,10.42
20230702154336.jpg,healthy/20230702154336.jpg,Healthy,0,129.17,142.13,88.64,132.16,87.67,43.15,72.82,66.46,36.12,0.239,0.737,7.87
20230702154353.jpg,healthy/20230702154353.jpg,Healthy,0,135.02,149.64,95.2,139.06,81.49,42.13,67.44,69.07,35.96,0.317,0.681,9.17
20230702154442.jpg,healthy/20230702154442.jpg,Healthy,0,124.3,137.96,94.68,128.94,85.19,35.78,75.52,56.95,31.35,0.237,0.76,10.53
augmented_10.jpg,healthy/augmented_10.jpg,Healthy,0,172.03,203.69,137.12,186.64,58.65,40.2,54.46,98.23,64.9,0.229,0.547,41.21
augmented_22.jpg,healthy/augmented_22.jpg,Healthy,0,168.47,204.4,130.08,185.18,59.28,47.44,52.34,110.25,74.52,0.256,0.54,41.02
augmented_3.jpg,healthy/augmented_3.jpg,Healthy,0,130.53,158.39,72.35,140.25,79.59,56.66,99.97,113.91,41.08,0.327,1,4
augmented_31.jpg,healthy/augmented_31.jpg,Healthy,0,56.31,72.78,29.97,62.97,171.44,39.94,31.66,59.29,64.62,0.218,0.351,46.88
augmented_32.jpg,healthy/augmented_32.jpg,Healthy,0,122.36,134.17,94.38,126.1,38.73,25.67,42.49,51.59,74.25,0.198,0.425,52.02
augmented_44.jpg,healthy/augmented_44.jpg,Healthy,0,170.78,199.9,114.01,181.4,60.57,54.22,57.65,115.02,75.68,0.33,0.601,32.5
augmented_47.jpg,healthy/augmented_47.jpg,Healthy,0,142.07,150.88,108.41,143.4,77.43,44.95,42.73,51.27,52.85,0.302,0.543,39.58
fn1.png,healthy/fn1.png,Healthy,0,146.07,182.59,127.3,165.37,151.35,49.25,47.97,91.81,71.83,0.121,0.988,17.97
fn10.png,healthy/fn10.png,Healthy,0,141.77,170.02,127.52,156.73,123.07,35.03,56.48,70.74,57.04,0.165,0.716,12.3
fn11.png,healthy/fn11.png,Healthy,0,148.74,181.92,128.3,165.89,124.03,41.74,53.42,86.8,58.34,0.194,0.994,18.36
fn12.png,healthy/fn12.png,Healthy,0,154.3,179.5,137.61,167.19,138.62,34.48,54.96,67.09,58.39,0.136,0.564,16.11
fn2.png,healthy/fn2.png,Healthy,0,152.05,185.74,136.48,170.05,155.48,44.91,46.98,82.95,74.93,0.162,0.842,14.94
fn3.png,healthy/fn3.png,Healthy,0,153.46,187.8,132.52,171.23,149.32,48.1,45.89,89.63,71.07,0.117,0.988,18.65
fn4.png,healthy/fn4.png,Healthy,0,147.38,181.87,126.01,165.19,149.84,50.17,50.17,90.37,71.41,0.107,0.938,17.68
fn5.png,healthy/fn5.png,Healthy,0,144.7,185.41,139.11,167.96,154.13,43.54,42.72,87.01,68.19,0.267,0.9,9.67
fn6.png,healthy/fn6.png,Healthy,0,146.16,184.92,133.48,167.46,140.18,42.88,45.59,90.2,68.51,0.26,0.769,8.01
fn7.png,healthy/fn7.png,Healthy,0,148.6,188.51,147.74,171.93,153.73,41.07,43.79,80.68,70.44,0.233,1,18.36
fn8.png,healthy/fn8.png,Healthy,0,140.52,183.52,127.76,164.3,147.03,47.32,49.24,98.76,65.95,0.219,0.89,7.13
fn9.png,healthy/fn9.png,Healthy,0,143.8,170.39,123.23,157.06,124.83,40.81,56.66,73.75,64.54,0.179,0.674,9.96
h (1074).jpg,healthy/h (1074).jpg,Healthy,0,88.99,144.89,38.04,116,88.27,74.6,79.61,162.75,56.88,0.616,0.936,0.78
h (1088).jpg,healthy/h (1088).jpg,Healthy,0,103.34,131.82,53.88,114.42,78.76,56.37,79.41,106.43,50,0.444,0.884,0.78
h (1089).jpg,healthy/h (1089).jpg,Healthy,0,72.82,124.05,62.68,101.73,134.38,55.07,70.37,112.6,54.98,0.314,0.889,0.26
h12_3.png,healthy/h12_3.png,Healthy,0,77.49,102.87,56.76,90.02,98.94,50.36,64.18,71.49,39.69,0.582,0.863,0.15
h14.jpg,healthy/h14.jpg,Healthy,0,96.21,116.48,52.21,103.09,106.76,50.22,55.1,84.54,46.7,0.489,0.615,1.95
h17.jpg,healthy/h17.jpg,Healthy,0,103.34,131.82,53.88,114.42,78.76,56.37,79.41,106.43,50,0.444,0.884,0.78
h18_0.png,healthy/h18_0.png,Healthy,0,72.81,124.04,62.67,101.73,134.36,55.05,70.34,112.59,54.97,0.308,0.889,1.04
h19_0.png,healthy/h19_0.png,Healthy,0,107.73,136.37,43.17,117.18,77.41,70.82,89.64,121.85,40.73,0.53,0.999,0.26
h1_0.png,healthy/h1_0.png,Healthy,0,169.53,204.49,130.96,185.65,59.79,46.83,52.76,108.48,73.63,0.25,0.541,41.21
h2.jpg,healthy/h2.jpg,Healthy,0,142.93,175.57,96.43,156.79,77.51,57.63,69.31,111.78,72.49,0.516,0.722,16.22
h21.jpg,healthy/h21.jpg,Healthy,0,196.76,218.07,158.12,204.86,50.92,33.75,53.41,81.25,54.81,0.227,0.535,41.41
h27.jpg,healthy/h27.jpg,Healthy,0,200.49,208.12,178.05,202.41,206.43,27.54,38.04,37.7,55.92,0.227,0.769,54.17
h29.jpg,healthy/h29.jpg,Healthy,0,51.8,61.96,20.71,47.38,26.67,27.65,34.81,51.41,68.08,0.212,0.349,64.55
h29_4.png,healthy/h29_4.png,Healthy,0,51.76,61.56,18.75,53.75,26.26,28.9,35.15,52.61,74.88,0.236,0.353,65.04
h2_3.png,healthy/h2_3.png,Healthy,0,142.92,175.56,96.42,156.78,77.58,57.64,69.31,111.79,72.49,0.517,0.722,17.86
h3.jpg,healthy/h3.jpg,Healthy,0,88.99,144.89,38.04,116,88.27,74.6,79.61,162.75,56.88,0.616,0.936,0.78
h30.jpg,healthy/h30.jpg,Healthy,0,208.83,225.67,178.38,215.25,50.58,27.69,38.31,64.13,58.46,0.196,0.39,50.63
h32.jpeg,healthy/h32.jpeg,Healthy,0,198.62,219.37,161.33,206.55,45.26,32.91,50.91,78.79,55.38,0.267,0.511,45.18
h33.jpg,healthy/h33.jpg,Healthy,0,104.47,127.97,66.99,113.99,79.94,54.89,62.47,84.48,60.88,0.563,0.915,0
h34_4.png,healthy/h34_4.png,Healthy,0,169.05,190.57,118.57,175.93,52.02,50.18,60.7,93.51,71.67,0.273,0.62,33.44
h37_1.png,healthy/h37_1.png,Healthy,0,152.78,168.96,111.02,157.51,71.07,43.31,46.86,74.12,59.21,0.41,0.49,20.83
h39.jpg,healthy/h39.jpg,Healthy,0,71.02,109.69,14.91,87.32,89.34,87.89,86.65,133.44,46.17,0.361,0.955,1.56
h39_0.png,healthy/h39_0.png,Healthy,0,71.03,109.7,14.91,87.33,89.36,87.89,86.64,133.46,46.16,0.357,0.955,0.69
h4.jpg,healthy/h4.jpg,Healthy,0,129.52,167.68,84.98,146.84,92.47,53.94,91.14,120.85,54.02,0.526,0.984,0
h42.jpg,healthy/h42.jpg,Healthy,0,86.65,144.12,71.75,118.69,109.58,57.51,94.36,129.85,41.71,0.52,0.992,0.29
h45.jpg,healthy/h45.jpg,Healthy,0,70.27,90.77,36.56,78.46,72.29,50.67,53.64,74.71,51.93,0.471,0.612,7.29
h45_4.png,healthy/h45_4.png,Healthy,0,70.27,90.77,36.56,78.46,72.29,50.67,53.64,74.71,51.93,0.467,0.612,9.52
h47_3.png,healthy/h47_3.png,Healthy,0,109.1,147.55,79.03,128.24,95.51,48.7,79.67,106.96,64.08,0.363,0.859,0.78
h49.jpg,healthy/h49.jpg,Healthy,0,109.22,147.68,78.61,128.31,95.76,48.73,78.58,107.52,64.84,0.381,0.849,0.65
h50_4.png,healthy/h50_4.png,Healthy,0,139.24,167.06,42.27,144.52,72.36,77.53,92.74,152.61,51.12,0.335,1,0.78
h55.jpg,healthy/h55.jpg,Healthy,0,106.24,150.17,78.28,128.84,97.15,51.43,98.76,115.82,35.34,0.266,0.999,2.99
h59.jpg,healthy/h59.jpg,Healthy,0,86.56,134.86,50.31,110.78,95.19,66.23,93.78,132.85,45.94,0.451,0.985,0.29
h59_4.png,healthy/h59_4.png,Healthy,0,86.54,134.84,50.29,110.76,95.18,66.24,93.74,132.84,45.93,0.451,0.985,0.2
h6.jpg,healthy/h6.jpg,Healthy,0,84.81,139.89,56.41,113.9,106.5,59.89,91.89,138.55,41.53,0.526,0.942,0
h6_0.png,healthy/h6_0.png,Healthy,0,84.82,139.89,56.42,113.91,106.48,59.89,91.89,138.54,41.54,0.529,0.942,0.26
h74.jpg,healthy/h74.jpg,Healthy,0,90.68,134.23,60.39,112.79,88.2,56.33,76.06,117.4,56.36,0.548,0.964,2.05
h77.jpg,healthy/h77.jpg,Healthy,0,111.62,134.6,56.13,118.78,76.95,62.59,96.66,101.45,41.86,0.612,1,0.98
h82.jpg,healthy/h82.jpg,Healthy,0,133.08,168.2,81.31,147.79,73.07,56.73,62.19,122,41.99,0.407,0.992,0.13
h82_3.png,healthy/h82_3.png,Healthy,0,133.07,168.18,81.3,147.78,73.06,56.73,62.18,121.99,41.98,0.404,0.992,0
h84.jpg,healthy/h84.jpg,Healthy,0,117.17,176.97,40.6,143.54,87.07,79.27,99.85,196.18,39.14,0.229,1,0.42
h86.jpg,healthy/h86.jpg,Healthy,0,96.64,122.34,41.42,105.43,80.94,76.4,84.41,106.63,66.99,0.369,0.995,2.44
h88_1.png,healthy/h88_1.png,Healthy,0,115,147.65,48.4,126.57,80.05,72.69,98.96,131.89,47.94,0.398,1,2.15
h88_2.png,healthy/h88_2.png,Healthy,0,115,147.65,48.4,126.57,80.05,72.69,98.96,131.89,47.94,0.397,1,2.54
h91.jpg,healthy/h91.jpg,Healthy,0,51.05,65.22,28.15,56.76,169.89,37.86,31.39,51.25,53.69,0.188,0.347,52.25
h92.jpg,healthy/h92.jpg,Healthy,0,155.88,163.16,93.81,153.08,66.36,55.24,58.37,76.64,62.28,0.318,0.754,9.97
healthy_original_h17_0.png_b6b31837-fafb-4986-9486-8c6cc25b4b32.png,healthy/healthy_original_h17_0.png_b6b31837-fafb-4986-9486-8c6cc25b4b32.png,Healthy,0,104.22,128.12,62.67,113.51,78.73,47.27,79.05,89.34,42,0.369,0.844,0
healthy_original_h17_1.png_ab069856-5f79-403d-823c-8d81fef3c0a0.png,healthy/healthy_original_h17_1.png_ab069856-5f79-403d-823c-8d81fef3c0a0.png,Healthy,0,101.51,129.65,53,112.5,79.09,54.19,83.73,104.78,32.23,0.264,0.884,0.65
healthy_original_h17_2.png_ef76eb50-f748-4c80-9d94-6f707e791c3f.png,healthy/healthy_original_h17_2.png_ef76eb50-f748-4c80-9d94-6f707e791c3f.png,Healthy,0,124.2,163.87,46.56,138.63,74.12,68.64,77.33,156.98,75.38,0.555,0.897,4.69
healthy_original_h18_2.png_001186f0-f57d-44aa-b1fa-5ad7f794554c.png,healthy/healthy_original_h18_2.png_001186f0-f57d-44aa-b1fa-5ad7f794554c.png,Healthy,0,69.43,142.46,53.6,110.5,124.07,70.84,76.09,161.89,67.98,0.353,0.919,5.6
healthy_original_h21_3.png_842469ad-00d1-47ea-b4f5-56a3bee97e1d.png,healthy/healthy_original_h21_3.png_842469ad-00d1-47ea-b4f5-56a3bee97e1d.png,Healthy,0,201.24,232.54,140.96,212.75,51.79,43.74,58.92,122.88,52.3,0.285,0.592,35.74
healthy_original_h23_0.png_1c8df582-594c-47a3-9bef-be9170c8676a.png,healthy/healthy_original_h23_0.png_1c8df582-594c-47a3-9bef-be9170c8676a.png,Healthy,0,174.92,226.23,89.1,195.26,64.04,64.59,74.63,188.45,47.5,0.176,0.746,24.9
healthy_original_h27.jpg_826b80a8-9263-4aae-9e8c-ac6343a21807.jpg,healthy/healthy_original_h27.jpg_826b80a8-9263-4aae-9e8c-ac6343a21807.jpg,Healthy,0,148.94,180.19,94.84,161.12,123.68,58.23,74.06,116.6,66.77,0.402,0.761,15.77
healthy_original_h27.jpg_f3bddcbc-7aa3-4b75-8b32-6451106aa652.jpg,healthy/healthy_original_h27.jpg_f3bddcbc-7aa3-4b75-8b32-6451106aa652.jpg,Healthy,0,201.64,214.83,165.08,205.22,206.42,37.68,38.84,62.95,52.74,0.233,0.935,50.45
healthy_original_h27_1.png_05abcebb-1b67-4d55-b441-9eda4b5736e0.png,healthy/healthy_original_h27_1.png_05abcebb-1b67-4d55-b441-9eda4b5736e0.png,Healthy,0,161.5,170.04,137.22,163.74,205.9,36.23,37.51,41.36,47.6,0.199,0.78,54.76
healthy_original_h29_1.png_4072cfd1-6c0e-4692-b3ec-1cdf65d1e747.png,healthy/healthy_original_h29_1.png_4072cfd1-6c0e-4692-b3ec-1cdf65d1e747.png,Healthy,0,58.19,64.1,38.66,59.43,33.04,24.17,38.31,31.33,46.9,0.197,0.402,58.79
healthy_original_h29_1.png_b9723a4e-e37e-435a-9a3e-a63c8dda829c.png,healthy/healthy_original_h29_1.png_b9723a4e-e37e-435a-9a3e-a63c8dda829c.png,Healthy,0,69.1,88.89,15.78,74.64,32.57,34.77,35.41,92.9,95.1,0.261,0.374,62.11
healthy_original_h29_2.png_0e774b8f-a434-4213-a9a3-e9df80a20d33.png,healthy/healthy_original_h29_2.png_0e774b8f-a434-4213-a9a3-e9df80a20d33.png,Healthy,0,125.13,146.64,59.91,130.32,63.24,54.53,69.91,108.25,87.36,0.429,0.736,23.14
healthy_original_h29_2.png_2a9b5ccb-4d79-4ea5-bd50-9027f06cc969.png,healthy/healthy_original_h29_2.png_2a9b5ccb-4d79-4ea5-bd50-9027f06cc969.png,Healthy,0,67.85,76.22,41.96,69.81,35.16,24.07,39.85,42.62,84.39,0.321,0.42,55.66
healthy_original_h30_1.png_581cafbc-1ecd-47fc-87d3-07741c5cea5e.png,healthy/healthy_original_h30_1.png_581cafbc-1ecd-47fc-87d3-07741c5cea5e.png,Healthy,0,161.33,213.04,85.75,183.06,83.79,65.91,69.83,179,61.6,0.259,0.71,14.25
healthy_original_h30_3.png_b54ef0bd-1814-4829-9374-c85a3e379ccb.png,healthy/healthy_original_h30_3.png_b54ef0bd-1814-4829-9374-c85a3e379ccb.png,Healthy,0,156.44,192.19,94.82,170.4,68.58,59.36,71.72,133.12,66.77,0.315,0.738,18.75
healthy_original_h30_3.png_f33bb78b-fb17-4290-83ec-6a4c2ad8d90d.png,healthy/healthy_original_h30_3.png_f33bb78b-fb17-4290-83ec-6a4c2ad8d90d.png,Healthy,0,136.67,204.41,51.94,166.77,79.89,79.11,81.18,220.21,64.19,0.281,0.83,13.38
healthy_original_h34.jpg_33e4c8c6-ac7a-4477-b49d-36f074c786eb.jpg,healthy/healthy_original_h34.jpg_33e4c8c6-ac7a-4477-b49d-36f074c786eb.jpg,Healthy,0,102.67,128.32,43.68,111,77.54,71.57,91.96,110.3,43.26,0.264,0.946,2.08
healthy_original_h34_0.png_6fddb276-00b1-4f9c-bbce-d073af66b3da.png,healthy/healthy_original_h34_0.png_6fddb276-00b1-4f9c-bbce-d073af66b3da.png,Healthy,0,125.13,149.61,68.05,132.99,68.21,59.86,82.29,106.04,44.57,0.205,0.823,13.85
healthy_original_h34_4.png_b303271b-84f8-4795-9b74-ba29101030c0.png,healthy/healthy_original_h34_4.png_b303271b-84f8-4795-9b74-ba29101030c0.png,Healthy,0,150.78,176.7,90.23,159.09,63.76,60.83,72.93,112.38,68.99,0.315,0.747,20.42
healthy_original_h4.jpg_8280ef37-ec67-4958-83ce-e9991aa1df3e.jpg,healthy/healthy_original_h4.jpg_8280ef37-ec67-4958-83ce-e9991aa1df3e.jpg,Healthy,0,128.95,177.61,74.32,151.28,90.64,63.65,95.17,151.95,55.65,0.487,0.993,0
healthy_original_h45_3.png_3c191fcc-46e0-4e17-b3e9-37c91dfc49ae.png,healthy/healthy_original_h45_3.png_3c191fcc-46e0-4e17-b3e9-37c91dfc49ae.png,Healthy,0,79.24,108.19,35.74,91.28,78.99,64.24,69.04,101.39,57.81,0.488,0.772,0.45
healthy_original_h45_3.png_55e61468-6ffd-42bf-b646-4d0a13573841.png,healthy/healthy_original_h45_3.png_55e61468-6ffd-42bf-b646-4d0a13573841.png,Healthy,0,75.27,99.18,36.84,84.92,74.1,55.69,60.5,86.24,52,0.483,0.682,5.06
healthy_original_h49_1.png_5e1914ac-64b7-4876-ac20-df728ae82244.png,healthy/healthy_original_h49_1.png_5e1914ac-64b7-4876-ac20-df728ae82244.png,Healthy,0,110.69,134.97,92.64,122.88,96.22,32.33,97.04,66.6,32.59,0.147,0.971,3.26
healthy_original_h49_2.png_af9ec129-8f42-4a54-97bb-d4c675ab6140.png,healthy/healthy_original_h49_2.png_af9ec129-8f42-4a54-97bb-d4c675ab6140.png,Healthy,0,112.3,194.82,62.38,155.05,99.73,68.22,98.98,214.97,43.04,0.182,0.992,2.08
healthy_original_h49_2.png_ce815967-f765-4200-98aa-3b12233b30e8.png,healthy/healthy_original_h49_2.png_ce815967-f765-4200-98aa-3b12233b30e8.png,Healthy,0,153.5,202.43,107.65,176.99,90.03,51.91,82.95,143.7,68.9,0.324,0.858,1.95
healthy_original_h49_4.png_1984241a-0db1-4223-9f6b-b0eb7780a9f1.png,healthy/healthy_original_h49_4.png_1984241a-0db1-4223-9f6b-b0eb7780a9f1.png,Healthy,0,123.26,175.88,85.12,149.8,98.44,58.63,89.06,143.38,69.7,0.374,0.952,3.52
healthy_original_h49_4.png_cf79375a-a6e1-448e-b5a0-345c031f49aa.png,healthy/healthy_original_h49_4.png_cf79375a-a6e1-448e-b5a0-345c031f49aa.png,Healthy,0,113,174.11,68.91,143.85,90.36,63,86.8,166.32,75.13,0.361,0.9,9.24
healthy_original_h59_0.png_98f14086-1a33-4abe-998c-e0965b284ed2.png,healthy/healthy_original_h59_0.png_98f14086-1a33-4abe-998c-e0965b284ed2.png,Healthy,0,81.09,131.57,44.07,106.5,95.84,70.26,94.21,137.98,45.1,0.403,0.99,0.1
healthy_original_h59_0.png_9f07b633-0c65-468c-9b6a-4303e345113e.png,healthy/healthy_original_h59_0.png_9f07b633-0c65-468c-9b6a-4303e345113e.png,Healthy,0,59.94,122.91,22.12,92.59,100.17,82.84,93.1,163.75,34.94,0.309,0.987,4.49
healthy_original_h59_1.png_0f988a22-3aa3-4aeb-9ecf-b55b29725567.png,healthy/healthy_original_h59_1.png_0f988a22-3aa3-4aeb-9ecf-b55b29725567.png,Healthy,0,74.93,138.53,32.1,107.38,97.59,82.02,91.35,170.03,55.02,0.489,0.975,2.83
healthy_original_h59_1.png_3ec59667-1182-4642-9aa9-0cd933aa1fe5.png,healthy/healthy_original_h59_1.png_3ec59667-1182-4642-9aa9-0cd933aa1fe5.png,Healthy,0,82.84,135.44,43.52,109.23,95.28,70.22,95,144.52,42.34,0.421,0.987,0.1
healthy_original_h59_3.png_3b692f95-85e8-4d8b-869e-d2583547578a.png,healthy/healthy_original_h59_3.png_3b692f95-85e8-4d8b-869e-d2583547578a.png,Healthy,0,83.57,135.59,45.36,109.75,95.84,70.12,93.48,142.26,48.97,0.368,0.986,0.49
healthy_original_h71_3.png_fb70b644-6e8b-46a0-8ce2-8c5f34584728.png,healthy/healthy_original_h71_3.png_fb70b644-6e8b-46a0-8ce2-8c5f34584728.png,Healthy,0,144.5,185.67,114.87,165.29,94.26,50.38,61.9,111.97,72.3,0.344,0.676,20.61
healthy_original_h74.jpg_a5931bb1-6af5-4f4d-94d4-2f83434ef76c.jpg,healthy/healthy_original_h74.jpg_a5931bb1-6af5-4f4d-94d4-2f83434ef76c.jpg,Healthy,0,91.18,149.48,60.67,121.93,97.02,61.8,89.27,147.11,51.97,0.582,0.98,0.29
healthy_original_h84.jpg_900316a7-ead9-4dbd-98dd-e205d7b35bc7.jpg,healthy/healthy_original_h84.jpg_900316a7-ead9-4dbd-98dd-e205d7b35bc7.jpg,Healthy,0,114.9,155.04,62.56,132.5,86.95,62.04,99.6,132.63,38.2,0.214,1,0.83
healthy_original_h84_0.png_4c07753a-2549-4342-a39a-7e2c10281c70.png,healthy/healthy_original_h84_0.png_4c07753a-2549-4342-a39a-7e2c10281c70.png,Healthy,0,96.11,180.68,7.83,135.69,91.24,96.45,99.74,257.42,38.85,0.18,1,5.1
healthy_original_h86_0.png_e4d4b3ee-d6fd-4a84-8dc6-f364e655f003.png,healthy/healthy_original_h86_0.png_e4d4b3ee-d6fd-4a84-8dc6-f364e655f003.png,Healthy,0,91.16,110.59,49.53,97.82,83.67,60.15,86.61,80.5,52.32,0.307,0.992,2.25
healthy_original_h86_2.png_29db1ed9-c2da-45d0-81ef-2206d6548de0.png,healthy/healthy_original_h86_2.png_29db1ed9-c2da-45d0-81ef-2206d6548de0.png,Healthy,0,117.22,168.35,23.02,136.5,84.99,90.45,94.58,196.47,66.44,0.341,0.977,3.13
healthy_original_h86_4.png_04e429d3-bcc4-4bdc-9b35-a98222b12e93.png,healthy/healthy_original_h86_4.png_04e429d3-bcc4-4bdc-9b35-a98222b12e93.png,Healthy,0,80.92,107.05,30.98,90.57,86.91,81.62,73.58,102.21,67.73,0.376,0.911,13.18
healthy_original_h87.jpg_2c1c1ae1-c1dd-4a5c-8ec7-5e0c82c91111.jpg,healthy/healthy_original_h87.jpg_2c1c1ae1-c1dd-4a5c-8ec7-5e0c82c91111.jpg,Healthy,0,93.18,165.44,15.56,126.75,93.45,91.9,97.81,222.14,42.22,0.365,0.997,1.37
healthy_original_h87.jpg_d3052f6c-34fb-473b-93e1-d0b465bf88d6.jpg,healthy/healthy_original_h87.jpg_d3052f6c-34fb-473b-93e1-d0b465bf88d6.jpg,Healthy,0,67.49,128.19,8.85,96.44,93.75,94.32,96.7,180.05,34.65,0.251,0.998,2.15
healthy_original_h87.jpg_f285ec5f-d29a-43cc-a01f-b2f636f182e0.jpg,healthy/healthy_original_h87.jpg_f285ec5f-d29a-43cc-a01f-b2f636f182e0.jpg,Healthy,0,93.03,143.08,28.01,115,87.85,81.5,99.88,165.12,29.82,0.216,1,0.39
healthy_original_h88.jpg_ac103357-ded0-4d8a-84dc-7f5dd34be131.jpg,healthy/healthy_original_h88.jpg_ac103357-ded0-4d8a-84dc-7f5dd34be131.jpg,Healthy,0,102.21,156.61,30.48,125.96,90.43,81.45,97.28,180.52,51.35,0.296,0.996,1.17
healthy_original_h88_0.png_5146ec01-9069-4391-b876-710fe415b82e.png,healthy/healthy_original_h88_0.png_5146ec01-9069-4391-b876-710fe415b82e.png,Healthy,0,111.04,135.5,61.71,119.77,82.97,58.5,98.02,98.24,39.31,0.275,0.999,3.52
healthy_original_h88_2.png_22278b75-38a9-48f7-a1ca-b4759c7e4837.png,healthy/healthy_original_h88_2.png_22278b75-38a9-48f7-a1ca-b4759c7e4837.png,Healthy,0,134.89,153.55,95.74,141.38,79.19,40.73,99.63,76.46,50.57,0.28,0.998,6.25
healthy_original_h88_2.png_678b61bc-d907-45e3-a5f7-ef3fb9c2d6dd.png,healthy/healthy_original_h88_2.png_678b61bc-d907-45e3-a5f7-ef3fb9c2d6dd.png,Healthy,0,114.03,144.09,52.83,124.7,80.09,68.82,98.89,121.33,48.64,0.341,1,2.73
healthy_original_h91.jpg_3b7f7e4b-18b9-4e74-bb09-0e267af53e3b.jpg,healthy/healthy_original_h91.jpg_3b7f7e4b-18b9-4e74-bb09-0e267af53e3b.jpg,Healthy,0,89.19,167.23,16.54,126.72,95.76,88.89,95.96,228.72,45.27,0.282,0.989,0.59
healthy_original_h91_1.png_7776ceb9-dddd-4b69-afd4-b2c510e1ab50.png,healthy/healthy_original_h91_1.png_7776ceb9-dddd-4b69-afd4-b2c510e1ab50.png,Healthy,0,83.13,130.8,10.78,102.86,103.57,85.11,78.38,167.69,58.14,0.325,0.848,8.01
healthy_original_h91_1.png_92a260e6-1fb5-493d-8bbf-1f5d57423f38.png,healthy/healthy_original_h91_1.png_92a260e6-1fb5-493d-8bbf-1f5d57423f38.png,Healthy,0,90.83,121.13,36.55,102.43,96.34,64.18,81.94,114.88,46.77,0.293,0.864,2.44
healthy_original_h92.jpg_e5d512ec-4180-45de-9027-d5836fd6dae2.jpg,healthy/healthy_original_h92.jpg_e5d512ec-4180-45de-9027-d5836fd6dae2.jpg,Healthy,0,116.32,153.13,28.18,127.88,81.65,85.01,87.93,161.76,59.75,0.366,0.978,0.6
healthy_original_h96_2.png_56f6407b-95f4-4562-84c7-6ef6a5c27e60.png,healthy/healthy_original_h96_2.png_56f6407b-95f4-4562-84c7-6ef6a5c27e60.png,Healthy,0,172.52,189.43,114.92,175.88,82.86,44.96,67.45,91.43,52.29,0.402,0.688,16.37